{
	"credit": "cyberia was here",
	"texture_size": [64, 64],
	"textures": {
		"0": "item/bucket_3d",
		"1": "item/water_bucket_3d",
		"2": "item/cod_bucket_3d",
		"particle": "item/bucket_3d"
	},
	"elements": [
		{
			"name": "bottom",
			"from": [4, 0, 4],
			"to": [12, 2, 12],
			"rotation": {"angle": 0, "axis": "y", "origin": [4, 0, 5]},
			"faces": {
				"north": {"uv": [2, 6, 4, 6.5], "texture": "#0"},
				"east": {"uv": [4, 6, 6, 6.5], "texture": "#0"},
				"south": {"uv": [6, 6, 8, 6.5], "texture": "#0"},
				"west": {"uv": [2, 6.5, 4, 7], "texture": "#0"},
				"up": {"uv": [6.5, 6, 4.5, 4], "texture": "#0"},
				"down": {"uv": [2, 6, 0, 8], "texture": "#0"}
			}
		},
		{
			"name": "side1",
			"from": [3, 2, 3],
			"to": [12, 11, 4],
			"rotation": {"angle": 0, "axis": "y", "origin": [4, 3, 4]},
			"faces": {
				"north": {"uv": [9.25, 0, 11.5, 2.25], "texture": "#0"},
				"east": {"uv": [4.25, 6.75, 4.5, 8.75], "texture": "#0"},
				"south": {"uv": [11.5, 0, 13.75, 2.25], "texture": "#0"},
				"west": {"uv": [4.5, 6.75, 4.75, 9], "texture": "#0"},
				"up": {"uv": [6.25, 6.75, 4, 6.5], "texture": "#0"},
				"down": {"uv": [8.75, 4, 6.5, 4.25], "texture": "#0"}
			}
		},
		{
			"name": "side2",
			"from": [12, 2, 3],
			"to": [13, 11, 12],
			"rotation": {"angle": 0, "axis": "y", "origin": [5, 3, 4]},
			"faces": {
				"north": {"uv": [4.75, 6.75, 5, 9], "texture": "#0"},
				"east": {"uv": [9.25, 0, 11.5, 2.25], "texture": "#0"},
				"south": {"uv": [5, 6.75, 5.25, 8.75], "texture": "#0"},
				"west": {"uv": [11.5, 0, 13.75, 2.25], "texture": "#0"},
				"up": {"uv": [6.5, 8.75, 6.25, 6.5], "texture": "#0"},
				"down": {"uv": [6.75, 6.5, 6.5, 8.75], "texture": "#0"}
			}
		},
		{
			"name": "side3",
			"from": [4, 2, 12],
			"to": [13, 11, 13],
			"rotation": {"angle": 0, "axis": "y", "origin": [5, 3, 13]},
			"faces": {
				"north": {"uv": [11.5, 0, 13.75, 2.25], "texture": "#0"},
				"east": {"uv": [5.25, 6.75, 5.5, 9], "texture": "#0"},
				"south": {"uv": [9.25, 0, 11.5, 2.25], "texture": "#0"},
				"west": {"uv": [5.5, 6.75, 5.75, 8.75], "texture": "#0"},
				"up": {"uv": [8.75, 4.5, 6.5, 4.25], "texture": "#0"},
				"down": {"uv": [8.75, 4.5, 6.5, 4.75], "texture": "#0"}
			}
		},
		{
			"name": "side4",
			"from": [3, 2, 4],
			"to": [4, 11, 13],
			"rotation": {"angle": 0, "axis": "y", "origin": [-4, 3, 5]},
			"faces": {
				"north": {"uv": [5.75, 6.75, 6, 8.75], "texture": "#0"},
				"east": {"uv": [11.5, 0, 13.75, 2.25], "texture": "#0"},
				"south": {"uv": [6, 6.75, 6.25, 9], "texture": "#0"},
				"west": {"uv": [9.25, 0, 11.5, 2.25], "texture": "#0"},
				"up": {"uv": [7, 2.25, 6.75, 0], "texture": "#0"},
				"down": {"uv": [4.25, 6.75, 4, 9], "texture": "#0"}
			}
		},
		{
			"from": [4, 3, 3.94264],
			"to": [12, 10, 11.94264],
			"rotation": {"angle": 0, "axis": "y", "origin": [10, 8, 8.54264]},
			"faces": {
				"north": {"uv": [4, 12, 12, 4], "texture": "#1", "tintindex": 0},
				"east": {"uv": [4, 12, 12, 4], "texture": "#1", "tintindex": 0},
				"south": {"uv": [4, 12, 12, 4], "texture": "#1"},
				"west": {"uv": [4, 12, 12, 4], "texture": "#1", "tintindex": 0},
				"up": {"uv": [4, 4, 12, 12], "texture": "#1", "tintindex": 0},
				"down": {"uv": [4, 4, 12, 12], "texture": "#1", "tintindex": 0}
			}
		},
		{
			"name": "body",
			"from": [6.76, 12.28754, 2.69293],
			"to": [9.24, 17.26754, 11.42293],
			"rotation": {"angle": 45, "axis": "x", "origin": [8, 12.27754, 2.68293]},
			"faces": {
				"north": {"uv": [3.5, 3.5, 4.5, 5.5], "texture": "#2"},
				"east": {"uv": [0, 3.5, 3.5, 5.5], "texture": "#2"},
				"south": {"uv": [8, 3.5, 9, 5.5], "texture": "#2"},
				"west": {"uv": [4.5, 3.5, 8, 5.5], "texture": "#2"},
				"up": {"uv": [4.5, 3.5, 3.5, 0], "texture": "#2"},
				"down": {"uv": [5.5, 0, 4.5, 3.5], "texture": "#2"}
			}
		},
		{
			"name": "left_fin",
			"from": [4.249, 10.999, 3.79164],
			"to": [6.751, 11.001, 6.29364],
			"rotation": {"angle": 0, "axis": "x", "origin": [5.5, 10.69466, 6.49238]},
			"faces": {
				"up": {"uv": [15, 3, 14, 2], "texture": "#2"},
				"down": {"uv": [14, 2, 13, 3], "texture": "#2"}
			}
		},
		{
			"name": "left_fin",
			"from": [9.249, 10.999, 3.79164],
			"to": [11.751, 11.001, 6.29364],
			"rotation": {"angle": 0, "axis": "x", "origin": [5.5, 10.69466, 6.49238]},
			"faces": {
				"up": {"uv": [15, 1.5, 14, 0.5], "texture": "#2"},
				"down": {"uv": [14, 0.5, 13, 1.5], "texture": "#2"}
			}
		},
		{
			"name": "head",
			"from": [6.75, 10.72424, 2.68293],
			"to": [9.25, 15.72424, 6.43293],
			"rotation": {"angle": 22.5, "axis": "x", "origin": [8, 16.02754, 6.43293]},
			"faces": {
				"north": {"uv": [7, 1.5, 8, 3.5], "texture": "#2"},
				"east": {"uv": [5.5, 1.5, 7, 3.5], "texture": "#2"},
				"south": {"uv": [9.5, 1.5, 10.5, 3.5], "texture": "#2"},
				"west": {"uv": [8, 1.5, 9.5, 3.5], "texture": "#2"},
				"up": {"uv": [8, 1.5, 7, 0], "texture": "#2"},
				"down": {"uv": [9, 0, 8, 1.5], "texture": "#2"}
			}
		},
		{
			"name": "nose",
			"from": [6.75, 11.97424, 1.43293],
			"to": [9.25, 15.72424, 2.68293],
			"rotation": {"angle": 22.5, "axis": "x", "origin": [8, 16.02754, 6.43293]},
			"faces": {
				"north": {"uv": [0.5, 0.5, 1.5, 2], "texture": "#2"},
				"east": {"uv": [0, 0.5, 0.5, 2], "texture": "#2"},
				"south": {"uv": [2, 0.5, 3, 2], "texture": "#2"},
				"west": {"uv": [1.5, 0.5, 2, 2], "texture": "#2"},
				"up": {"uv": [1.5, 0.5, 0.5, 0], "texture": "#2"},
				"down": {"uv": [2.5, 0, 1.5, 0.5], "texture": "#2"}
			}
		},
		{
			"name": "fin_back",
			"from": [8, 16.02754, 2.68293],
			"to": [8, 17.27754, 10.18293],
			"rotation": {"angle": 45, "axis": "x", "origin": [8, 11.02754, 3.93293]},
			"faces": {
				"east": {"uv": [10, 0, 13, 0.5], "texture": "#2"},
				"west": {"uv": [13, 0, 16, 0.5], "texture": "#2"}
			}
		},
		{
			"name": "tail",
			"from": [8, 12.27754, 11.43293],
			"to": [8, 17.27754, 16.43293],
			"rotation": {"angle": 45, "axis": "x", "origin": [8, 12.27754, 2.68293]},
			"faces": {
				"east": {"uv": [11, 3.5, 13, 5.5], "texture": "#2"},
				"west": {"uv": [13, 3.5, 15, 5.5], "texture": "#2"}
			}
		}
	],
	"display": {
		"thirdperson_righthand": {
			"rotation": [45, 135, 0],
			"translation": [0, 1.75, -1.25],
			"scale": [0.5, 0.5, 0.5]
		},
		"thirdperson_lefthand": {
			"rotation": [45, 135, 0],
			"translation": [0, 1.75, -1.25],
			"scale": [0.5, 0.5, 0.5]
		},
		"firstperson_righthand": {
			"rotation": [0, 102, 0],
			"translation": [0.5, 3.5, 1],
			"scale": [0.5, 0.5, 0.5]
		},
		"firstperson_lefthand": {
			"rotation": [0, 102, 0],
			"translation": [0.5, 3.5, 1],
			"scale": [0.5, 0.5, 0.5]
		},
		"ground": {
			"translation": [0, 3.25, 0],
			"scale": [0.6, 0.6, 0.6]
		},
		"gui": {
			"rotation": [30, 135, 0],
			"translation": [0, 1.25, 0],
			"scale": [0.75, 0.75, 0.75]
		},
		"head": {
			"translation": [0, 12.5, 0],
			"scale": [0.75, 0.75, 0.75]
		},
		"fixed": {
			"translation": [0.75, 0.25, 0.25]
		}
	},
	"groups": [
		{
			"name": "bucket",
			"origin": [5, 2, 4],
			"color": 0,
			"children": [0, 1, 2, 3, 4]
		},
		5,
		{
			"name": "body",
			"origin": [0, 2, 2.54264],
			"color": 0,
			"children": [
				{
					"name": "body",
					"origin": [0, 2, 2.54264],
					"color": 0,
					"children": [
						6,
						{
							"name": "right_fin",
							"origin": [1, 1, 2.54264],
							"rotation": [0, 0, -45],
							"color": 0,
							"children": []
						},
						{
							"name": "left_fin",
							"origin": [-1, 1, 2.54264],
							"rotation": [0, 0, 45],
							"color": 0,
							"children": [7, 8]
						}
					]
				},
				{
					"name": "head",
					"origin": [0, 2, 2.54264],
					"color": 0,
					"children": [9]
				},
				{
					"name": "nose",
					"origin": [0, 2, -0.45736],
					"color": 0,
					"children": [10]
				},
				{
					"name": "fin_back",
					"origin": [0, 4, 2.54264],
					"color": 0,
					"children": [11]
				},
				{
					"name": "tail",
					"origin": [0, 2, 9.54264],
					"color": 0,
					"children": [12]
				}
			]
		}
	]
}