{
  "parent": "minecraft:item/handheld",
  "textures": {
    "layer0": "minecraft:item/cooked_rabbit"
  },
  "overrides": [
    { "predicate": { "pommel:is_held": 1.0 }, "model": "minecraft:item/cooked_rabbit_3d" },
    { "predicate": { "eating": 1.0, "eat": 0.10 }, "model": "minecraft:item/eatinganimation/cooked_rabbit/cooked_rabbit_eat_0" },
    { "predicate": { "eating": 1.0, "eat": 0.35 }, "model": "minecraft:item/eatinganimation/cooked_rabbit/cooked_rabbit_eat_1" },
    { "predicate": { "eating": 1.0, "eat": 0.65 }, "model": "minecraft:item/eatinganimation/cooked_rabbit/cooked_rabbit_eat_2" },
    { "predicate": { "eating": 1.0, "eat": 0.90 }, "model": "minecraft:item/eatinganimation/cooked_rabbit/cooked_rabbit_eat_3" },
    { "predicate": { "pommel:is_ground": 1.0 }, "model": "minecraft:item/cooked_rabbit_3d" }
  ]
}
