{
  "parent": "minecraft:item/handheld",
  "textures": {
    "layer0": "minecraft:item/tropical_fish"
  },
  "overrides": [
    { "predicate": { "pommel:is_held": 1.0 }, "model": "minecraft:item/tropical_fish_3d" },
    { "predicate": { "eating": 1.0, "eat": 0.05 }, "model": "minecraft:item/eatinganimation/tropical_fish/tropical_fish_eat_0" },
    { "predicate": { "eating": 1.0, "eat": 0.25 }, "model": "minecraft:item/eatinganimation/tropical_fish/tropical_fish_eat_1" },
    { "predicate": { "eating": 1.0, "eat": 0.50 }, "model": "minecraft:item/eatinganimation/tropical_fish/tropical_fish_eat_2" },
    { "predicate": { "eating": 1.0, "eat": 0.75 }, "model": "minecraft:item/eatinganimation/tropical_fish/tropical_fish_eat_3" },
    { "predicate": { "pommel:is_ground": 1.0 }, "model": "minecraft:item/tropical_fish_3d" }
  ]
}
