{
  "model": {
    "type": "minecraft:select",
    "property": "minecraft:display_context",
    "cases": [
      {
        "when": [
          "gui",
          "fixed",
          "ground"
        ],
        "model": {
          "type": "minecraft:select",
          "property": "minecraft:component",
          "component": "minecraft:axolotl/variant",
          "cases": [
            {
              "when": "lucy",
              "model": {
                "type": "minecraft:model",
                "model": "minecraft:item/axolotl_bucket_lucy_2d"
              }
            },
            {
              "when": "wild",
              "model": {
                "type": "minecraft:model",
                "model": "minecraft:item/axolotl_bucket_wild_2d"
              }
            },
            {
              "when": "gold",
              "model": {
                "type": "minecraft:model",
                "model": "minecraft:item/axolotl_bucket_gold_2d"
              }
            },
            {
              "when": "cyan",
              "model": {
                "type": "minecraft:model",
                "model": "minecraft:item/axolotl_bucket_cyan_2d"
              }
            },
            {
              "when": "blue",
              "model": {
                "type": "minecraft:model",
                "model": "minecraft:item/axolotl_bucket_blue_2d"
              }
            }
          ],
          "fallback": {
            "type": "minecraft:model",
            "model": "minecraft:item/axolotl_bucket"
          }
        }
      }
    ],
    "fallback": {
      "type": "minecraft:select",
      "property": "minecraft:component",
      "component": "minecraft:axolotl/variant",
      "cases": [
        {
          "when": "lucy",
          "model": {
            "type": "minecraft:model",
            "model": "minecraft:item/axolotl_bucket_lucy_3d"
          }
        },
        {
          "when": "wild",
          "model": {
            "type": "minecraft:model",
            "model": "minecraft:item/axolotl_bucket_wild_3d"
          }
        },
        {
          "when": "gold",
          "model": {
            "type": "minecraft:model",
            "model": "minecraft:item/axolotl_bucket_gold_3d"
          }
        },
        {
          "when": "cyan",
          "model": {
            "type": "minecraft:model",
            "model": "minecraft:item/axolotl_bucket_cyan_3d"
          }
        },
        {
          "when": "blue",
          "model": {
            "type": "minecraft:model",
            "model": "minecraft:item/axolotl_bucket_blue_3d"
          }
        }
      ],
      "fallback": {
        "type": "minecraft:model",
        "model": "minecraft:item/axolotl_bucket_lucy_3d"
      }
    }
  }
}