{
  "model": {
    "type": "minecraft:select",
    "property": "minecraft:display_context",
    "cases": [
      {
        "when": [
          "gui",
          "fixed",
          "ground"
        ],
        "model": {
          "type": "minecraft:model",
          "model": "minecraft:item/salmon"
        }
      }
    ],
    "fallback": {
      "type": "minecraft:condition",
      "property": "minecraft:using_item",
      "on_true": {
        "type": "minecraft:range_dispatch",
        "property": "minecraft:use_duration",
        "entries": [
              {
                "threshold": 0,
                "model": {
                  "type": "minecraft:model",
                  "model": "item/eatinganimation/salmon/salmon_eat_0"
                }
              },
              {
                "threshold": 5.33,
                "model": {
                  "type": "minecraft:model",
                  "model": "item/eatinganimation/salmon/salmon_eat_1"
                }
              },
              {
                "threshold": 10.66,
                "model": {
                  "type": "minecraft:model",
                  "model": "item/eatinganimation/salmon/salmon_eat_2"
                }
              },
              {
                "threshold": 16,
                "model": {
                  "type": "minecraft:model",
                  "model": "item/eatinganimation/salmon/salmon_eat_3"
                }
              },
              {
                "threshold": 21.33,
                "model": {
                  "type": "minecraft:model",
                  "model": "item/eatinganimation/salmon/salmon_eat_4"
		              }
                },
                {
                  "threshold": 26.66,
                  "model": {
                    "type": "minecraft:model",
                    "model": "item/eatinganimation/salmon/salmon_eat_5"
                    }
                  },
		            {
                "threshold": 31.5,
                "model": {
                  "type": "minecraft:model",
                  "model": "item/salmon_3d"
                }
              }
            ]
      },
      "on_false": {
        "type": "minecraft:model",
        "model": "item/salmon_3d"
      }
    }
  }
}