{
	"format_version": "1.21.6",
	"credit": "cyberia was here",
	"texture_size": [32, 32],
	"textures": {
		"1": "item/music_disc_11_3d"
	},
	"elements": [
		{
			"name": "inner3",
			"from": [5.5, 0, 8.5],
			"to": [8.5, 1, 9.5],
			"rotation": {"angle": 0, "axis": "y", "origin": [7.5, 0, 5.5]},
			"faces": {
				"north": {"uv": [2, 2.5, 3.5, 3], "texture": "#1"},
				"east": {"uv": [3.5, 0, 4, 0.5], "texture": "#1"},
				"west": {"uv": [0.5, 0, 1, 0.5], "texture": "#1"},
				"up": {"uv": [3.5, 2.5, 2, 2], "texture": "#1"},
				"down": {"uv": [3.5, 2, 2, 2.5], "texture": "#1"}
			}
		},
		{
			"name": "inner3",
			"from": [4.5, 0, 7.5],
			"to": [7.5, 1, 8.5],
			"rotation": {"angle": 0, "axis": "y", "origin": [3.5, 0, 2.5]},
			"faces": {
				"east": {"uv": [2, 2.5, 2.5, 3], "texture": "#1"},
				"south": {"uv": [0.5, 0, 2, 0.5], "texture": "#1"},
				"west": {"uv": [1, 0, 1.5, 0.5], "texture": "#1"},
				"up": {"uv": [4, 3, 2.5, 2.5], "texture": "#1"},
				"down": {"uv": [4, 2.5, 2.5, 3], "texture": "#1"}
			}
		},
		{
			"name": "inner4",
			"from": [4.5, 0, 4.5],
			"to": [8.5, 1, 7.5],
			"rotation": {"angle": 0, "axis": "y", "origin": [7.5, 0, 1.5]},
			"faces": {
				"south": {"uv": [0.5, 2.5, 2.5, 3], "texture": "#1"},
				"up": {"uv": [4, 4.5, 2, 3], "texture": "#1"},
				"down": {"uv": [4, 3, 2, 4.5], "texture": "#1"}
			}
		},
		{
			"name": "inner5",
			"from": [8.5, 0, 4.5],
			"to": [9.5, 1, 7.5],
			"rotation": {"angle": 0, "axis": "y", "origin": [7.5, 0, 1.5]},
			"faces": {
				"north": {"uv": [1.5, 0, 2, 0.5], "texture": "#1"},
				"east": {"uv": [1, 0, 1.5, 0.5], "texture": "#1"},
				"south": {"uv": [2.5, 2.5, 3, 3], "texture": "#1"},
				"up": {"uv": [2, 4.5, 1.5, 3], "texture": "#1"},
				"down": {"uv": [2, 3, 1.5, 4.5], "texture": "#1"}
			}
		},
		{
			"name": "inner5",
			"from": [8.5, 0, 7.5],
			"to": [11.5, 1, 8.5],
			"rotation": {"angle": 0, "axis": "y", "origin": [7.5, 0, 2.5]},
			"faces": {
				"south": {"uv": [0.5, 0, 2, 0.5], "texture": "#1"},
				"west": {"uv": [2, 2.5, 2.5, 3], "texture": "#1"},
				"up": {"uv": [2, 3, 0.5, 2.5], "texture": "#1"},
				"down": {"uv": [2, 2.5, 0.5, 3], "texture": "#1"}
			}
		},
		{
			"name": "outer2",
			"from": [4.5, 0, 11.5],
			"to": [8.5, 1, 12.5],
			"rotation": {"angle": 0, "axis": "y", "origin": [12.5, 0, 7.5]},
			"faces": {
				"east": {"uv": [2, 0, 2.5, 0.5], "texture": "#1"},
				"south": {"uv": [0.5, 0, 2.5, 0.5], "texture": "#1"},
				"west": {"uv": [2, 2.5, 2.5, 3], "texture": "#1"},
				"up": {"uv": [4, 1, 2, 0.5], "texture": "#1"},
				"down": {"uv": [4, 0.5, 2, 1], "texture": "#1"}
			}
		},
		{
			"name": "outer3",
			"from": [3.5, 0, 4.5],
			"to": [4.5, 1, 7.5],
			"rotation": {"angle": 0, "axis": "y", "origin": [5.5, 0, 5.5]},
			"faces": {
				"north": {"uv": [2, 2.5, 2.5, 3], "texture": "#1"},
				"south": {"uv": [1.5, 0, 2, 0.5], "texture": "#1"},
				"west": {"uv": [0.5, 0, 2, 0.5], "texture": "#1"},
				"up": {"uv": [4.5, 4.5, 4, 3], "texture": "#1"},
				"down": {"uv": [4.5, 3, 4, 4.5], "texture": "#1"}
			}
		},
		{
			"name": "outer4",
			"from": [4.5, 0, 3.5],
			"to": [8.5, 1, 4.5],
			"rotation": {"angle": 0, "axis": "y", "origin": [12.5, 0, -0.5]},
			"faces": {
				"north": {"uv": [2, 5, 4, 5.5], "texture": "#1"},
				"east": {"uv": [1.5, 0, 2, 0.5], "texture": "#1"},
				"west": {"uv": [2, 2.5, 2.5, 3], "texture": "#1"},
				"up": {"uv": [4, 5, 2, 4.5], "texture": "#1"},
				"down": {"uv": [4, 4.5, 2, 5], "texture": "#1"}
			}
		},
		{
			"name": "outer5",
			"from": [11.5, 0, 4.5],
			"to": [12.5, 1, 8.5],
			"rotation": {"angle": 0, "axis": "y", "origin": [13.5, 0, 5.5]},
			"faces": {
				"north": {"uv": [2, 2.5, 2.5, 3], "texture": "#1"},
				"east": {"uv": [2, 5, 4, 5.5], "texture": "#1"},
				"south": {"uv": [2, 0, 2.5, 0.5], "texture": "#1"},
				"up": {"uv": [0.5, 4.5, 0, 2.5], "texture": "#1"},
				"down": {"uv": [0.5, 2.5, 0, 4.5], "texture": "#1"}
			}
		},
		{
			"name": "outer3",
			"from": [9, 0, 12],
			"to": [12, 1, 13],
			"rotation": {"angle": 0, "axis": "z", "origin": [12.5, 0, 7.5]},
			"faces": {
				"east": {"uv": [2, 2.5, 2.5, 3], "texture": "#1"},
				"south": {"uv": [2.5, 0, 4, 0.5], "texture": "#1"},
				"west": {"uv": [2.5, 0, 3, 0.5], "texture": "#1"},
				"up": {"uv": [2, 1, 0.5, 0.5], "texture": "#1"},
				"down": {"uv": [2, 0.5, 0.5, 1], "texture": "#1"}
			}
		},
		{
			"name": "inner3",
			"from": [9, 0, 9],
			"to": [12, 1, 12],
			"rotation": {"angle": 0, "axis": "z", "origin": [7.5, 0, 5.5]},
			"faces": {
				"north": {"uv": [2.5, 0, 4, 0.5], "texture": "#1"},
				"west": {"uv": [0.5, 0, 2, 0.5], "texture": "#1"},
				"up": {"uv": [2, 2.5, 0.5, 1], "texture": "#1"},
				"down": {"uv": [2, 1, 0.5, 2.5], "texture": "#1"}
			}
		},
		{
			"name": "outer6",
			"from": [12, 0, 9],
			"to": [13, 1, 12],
			"rotation": {"angle": 0, "axis": "z", "origin": [13.5, 0, 5.5]},
			"faces": {
				"north": {"uv": [2, 0, 2.5, 0.5], "texture": "#1"},
				"east": {"uv": [0.5, 5, 2, 5.5], "texture": "#1"},
				"south": {"uv": [2, 2.5, 2.5, 3], "texture": "#1"},
				"up": {"uv": [0.5, 2.5, 0, 1], "texture": "#1"},
				"down": {"uv": [0.5, 1, 0, 2.5], "texture": "#1"}
			}
		},
		{
			"name": "outer6",
			"from": [10.5, 0, 3.5],
			"to": [11.5, 1, 4.5],
			"rotation": {"angle": 0, "axis": "y", "origin": [12.5, 0, -0.5]},
			"faces": {
				"north": {"uv": [0.5, 5, 1, 5.5], "texture": "#1"},
				"east": {"uv": [2, 2.5, 2.5, 3], "texture": "#1"},
				"west": {"uv": [1.5, 0, 2, 0.5], "texture": "#1"},
				"up": {"uv": [1, 5, 0.5, 4.5], "texture": "#1"},
				"down": {"uv": [1, 4.5, 0.5, 5], "texture": "#1"}
			}
		},
		{
			"name": "inner7",
			"from": [10.5, 0, 4.5],
			"to": [11.5, 1, 7.5],
			"rotation": {"angle": 0, "axis": "y", "origin": [7.5, 0, 1.5]},
			"faces": {
				"south": {"uv": [3.5, 2.5, 4, 3], "texture": "#1"},
				"west": {"uv": [0.5, 0, 2, 0.5], "texture": "#1"},
				"up": {"uv": [1, 4.5, 0.5, 3], "texture": "#1"},
				"down": {"uv": [1, 3, 0.5, 4.5], "texture": "#1"}
			}
		},
		{
			"name": "inner7",
			"from": [9.5, 0, 5.5],
			"to": [10.5, 1, 7.5],
			"rotation": {"angle": 0, "axis": "y", "origin": [7.5, 0, 1.5]},
			"faces": {
				"north": {"uv": [0.5, 0, 1, 0.5], "texture": "#1"},
				"south": {"uv": [3, 2.5, 3.5, 3], "texture": "#1"},
				"up": {"uv": [1.5, 4, 1, 3], "texture": "#1"},
				"down": {"uv": [1.5, 3, 1, 4], "texture": "#1"}
			}
		},
		{
			"name": "outer4",
			"from": [3.5, 0, 10.5],
			"to": [4.5, 1, 11.5],
			"rotation": {"angle": 0, "axis": "y", "origin": [5.5, 0, 5.5]},
			"faces": {
				"north": {"uv": [1.5, 0, 2, 0.5], "texture": "#1"},
				"south": {"uv": [2, 2.5, 2.5, 3], "texture": "#1"},
				"west": {"uv": [3.5, 0, 4, 0.5], "texture": "#1"},
				"up": {"uv": [4.5, 1.5, 4, 1], "texture": "#1"},
				"down": {"uv": [4.5, 1, 4, 1.5], "texture": "#1"}
			}
		},
		{
			"name": "inner4",
			"from": [4.5, 0, 8.5],
			"to": [7.5, 1, 8.5],
			"rotation": {"angle": 0, "axis": "y", "origin": [3.5, 0, 2.5]},
			"faces": {
				"east": {"uv": [2, 2.5, 2, 3], "texture": "#1"},
				"up": {"uv": [4, 2.5, 2.5, 2.5], "texture": "#1"},
				"down": {"uv": [4, 2.5, 2.5, 2.5], "texture": "#1"}
			}
		},
		{
			"name": "inner3",
			"from": [4.5, 0, 9.5],
			"to": [8.5, 1, 11.5],
			"rotation": {"angle": 0, "axis": "y", "origin": [7.5, 0, 5.5]},
			"faces": {
				"north": {"uv": [2, 0, 4, 0.5], "texture": "#1"},
				"east": {"uv": [2.5, 0, 3.5, 0.5], "texture": "#1"},
				"west": {"uv": [1, 0, 1.5, 0.5], "texture": "#1"},
				"up": {"uv": [4, 2, 2, 1], "texture": "#1"},
				"down": {"uv": [4, 1, 2, 2], "texture": "#1"}
			}
		}
	],
	"display": {
		"thirdperson_righthand": {
			"rotation": [22.5, 0, 92],
			"translation": [-5.5, -0.75, 0],
			"scale": [0.75, 0.75, 0.75]
		},
		"thirdperson_lefthand": {
			"rotation": [22.5, 0, 92],
			"translation": [-5.5, -0.75, 0],
			"scale": [0.75, 0.75, 0.75]
		},
		"firstperson_righthand": {
			"rotation": [0, 40, 28],
			"translation": [-4, 7.5, 5.5],
			"scale": [0.5, 0.5, 0.5]
		},
		"firstperson_lefthand": {
			"rotation": [0, 40, 28],
			"translation": [-4, 7.5, 5.5],
			"scale": [0.5, 0.5, 0.5]
		},
		"ground": {
			"translation": [0, 4.75, 0],
			"scale": [0.75, 0.75, 0.75]
		},
		"gui": {
			"rotation": [35, 45, 0],
			"translation": [-0.25, 5.75, 0],
			"scale": [1.15, 1.15, 1.15]
		},
		"head": {
			"translation": [0, 14.25, 0]
		},
		"fixed": {
			"rotation": [-90, -180, 0],
			"translation": [0, 0, -10.75],
			"scale": [1.5, 1.5, 1.5]
		}
	},
	"groups": [
		{
			"name": "music_disc_stall",
			"origin": [9.5, 0, 0.5],
			"color": 0,
			"children": [0, 1, 2, 3, 4, 5, 6, 7, 8, 9, 10, 11, 12, 13, 14, 15, 16, 17]
		}
	]
}